Name,Address,Price,Rating
Besar Wardah Renew You Anti Aging Night Cream 30gr,Karawang,Rp128.560,5
Wardah Everyday Luminous two way cake,Karawang,Rp75.700,5
Bedak SARIPOHATJI,Kab. Bogor,Rp5.000,4.8
SERUM WHITENING GOLD / SERGOLD / JAYA MANDIRI / JAYMAN / FACE CARE,Tangerang,Rp18.400,4.8
Vaseline Lip Therapy Rosy Lip (7g) Original USA 100%,Jakarta Utara,Rp40.000,4.9
Wardah Refill Lightening Powder Foundation Light Feel 01 Light Beige 12 g,Kab. Serang,Rp37.500,5
FAIR N PINK WHITENING BODY SERUM / FAIR AND PINK BODY SERUM,Tangerang,Rp75.900,4.7
LIPSTIK HARE ARAB,Depok,Rp4.800,4.7
DUS BIRU VIVA COMPACT POWDER LILAC BEDAK PADAT,Karawang,Rp27.700,5
"SERUM WHITENING GOLD ""MANDIRI"" / sergol / SERGOLD / JAYMAN",Tangerang,Rp18.700,4.8
Wardah Refill Exclusive Two Way Cake 03 Sandy Beige 12 g,Kab. Serang,Rp61.000,4.9
Marcks Active Beauty Powder 20g,Karawang,Rp39.700,4.9
WARDAH Perfect Bright BB Powder 50g,Karawang,Rp42.700,4.9
Wardah Instaperfect Mineralight Matte BB Cushion SPF 50 PA,Karawang,Rp269.700,4.9
Theraskin Suncare With Aha,Jakarta Utara,Rp21.400,4.9
Sponge Blender Gagang Jamur,Karawang,Rp7.400,4.9
Wardah lightening Liquid Foundation 25ml,Karawang,Rp75.700,5
Wardah Exclusive Two Way Cake 02 Light Beige 12 g,Kab. Serang,Rp98.500,4.9
Wardah Lightening Liquid Concealer 7g,Karawang,Rp64.700,4.9
Focallure Blush and Highlighter &amp Bronzer Palette Original,Jakarta Selatan,Rp46.060,4.8
Wardah Lightening Foundation Light Feel Lightening Two Way Cake Light Feel PROMO,Karawang,Rp82.700,5
Refill Pixy Make It Glow Silky Powdery Cake,Karawang,Rp75.700,4.9
immortal baked loose powder,Tangerang,Rp33.600,4.9
Wardah Exclusive Flawless Cover Cushion 02 Honey Beige,Kab. Serang,Rp145.500,4.9
Pixy UV Whitening Two way Cake Perfect Fit,Karawang,Rp70.700,4.9
PROMO PIXY Make It Glow Silky Powdery Cake,Karawang,Rp120.700,4.9
WARDAH EXCLUSIVE CREAMY FOUNDATION,Karawang,Rp142.700,4.9
Why Acne Facial Wash Ertos,Jakarta Timur,Rp100.000,4.9
FANBO COMPACT POWDER ROSE,Karawang,Rp35.700,4.9
PINSET STAINLESS STEEL JEPIT,Jakarta Pusat,Rp2.700,4.8
MAKE OVER Powerstay Weightless Liquid Foundation 33ml,Karawang,Rp169.281,4.9
Wardah Exclusive Flawless Cover Cushion 04 Natural,Kab. Serang,Rp145.500,4.9
Music Flower 4Tip Eyebrow Pen Tattoo Eyebrow Pensil Alis WaterProof ORIGINAL,Jakarta Pusat,Rp50.000,4.8
Bioaqua Exquisite Delicated Gold Cream air BB Cushion SPF50  dan Refill,Jakarta Barat,Rp60.000,4.8
Sariayu Foundation 35ml,Karawang,Rp25.700,4.9
Theraskin Serum Skin White,Jakarta Utara,Rp30.478,4.9
Theraskin Suncare and Brightener (Pink),Jakarta Utara,Rp20.972,4.9
Wardah Refill Exclusive Two Way Cake 01 Sheer Pink 12 g,Kab. Serang,Rp61.000,4.9
Theraskin compact powder KN,Tangerang,Rp32.500,4.9
Minyak / Obat Oles Khusus Jerawat Cap Wayang,Jakarta Timur,Rp7.500,4.6
sponge facial stick 1pcs,Tangerang,Rp2.500,5
Viva Liquid Foundation With Bengkuang Extract,Karawang,Rp7.000,4.8
Viva Ultra Foundation,Karawang,Rp8.100,4.8
Make Over Powerstay Color Correcting Primer 25ml,Karawang,Rp70.700,4.9
La Tulipe Refill Two Function Cake 13g.,Jakarta Selatan,Rp34.000,4.9
IMPLORA CHEEK BLOSSOM BLUSH ON,Karawang,Rp31.700,5
Emina City Chic CC Cake,Karawang,Rp85.700,5
Compressed Paper Mask Sheet Tablet Masker Kertas Pack Hijau,Jakarta Pusat,Rp490,5
Kemasan Tosca VIVA Face Powder 25g,Karawang,Rp19.700,4.9
Kelly Pearl Cream 15gr - Cream Kelly 15gr,Jakarta Utara,Rp8.500,4.9
Wardah Lightening Liquid Foundation 25 ml 04. Natural,Kab. Serang,Rp55.000,4.9
EE Whitening Cushion,Jakarta Timur,Rp150.000,4.9
AL Kuas Masker Brush Warna Pink,Kab. Tangerang,Rp800,4.9
NOSE UP CLIPPER  - PEMANCUNG HIDUNG,Tangerang Selatan,Rp1.850,4.9
"Sabun Sereh Sando - Menyembuhkan gatal-gatal,Mencegah & menyembuhkan kaki pecah-pecah,Membantu mengeringkan jerawat,Mencegah flek-flek hitam,Menghilangkan bau badan,Memberikan kesegaran aromatherapy,Menghilangkan ruam-ruam pada bayi",Kab. Bekasi,Rp7.700,4.9
Wardah Exclusive Two Way Cake 01 Sheer Pink 12 g,Kab. Serang,Rp98.500,4.9
SERUM TEMULAWAK WHITENING V NATURAL BPOM,Depok,Rp30.000,4.6
lvi CC Cream Concealer Powder Foundation Moisturizing Natural Cover Up Waterproof Whitening Face Concealer Stick,Jakarta Utara,Rp233.800,4.8
EVIAN FACIAL SPRAY EVIAN NATURAL SPRING MINERAL WATER BRUMISATEUR PELEMBAB KULIT WAJAH 50ML 50 ML,Jakarta Barat,Rp75.000,5
EVIAN FACIAL SPRAY NATURAL SPRING MINERAL WATER BRUMISATEUR KELEMBABAN KULIT WAJAH 300ML 300 ML,Jakarta Barat,Rp175.000,5
SKEYNDOR NATURAL DEFENCE CC CREAM AGE DEFENCE SPF 30 TYPE 01 KRIM KOREKSI WARNA KULIT WAJAH 40 ML,Jakarta Barat,Rp528.000,5
MAVALA DOUBLE LASH (PENUMBUH  PANJANG BULUMATA) 100% ORIGINAL,Jakarta Selatan,Rp210.000,4.8
Viva Queen Perfection Natural Bright Loose Powder 35g,Karawang,Rp44.750,4.8
Compact Powder Blue Biru 12g,Karawang,Rp20.220,4.8
Make Over Powerstay Total Cover Liquid Concealer 6 5ml,Karawang,Rp74.900,4.9
Viva Queen Perfect Look CC Foundation,Karawang,Rp40.300,4.8
BEDAK MBK PUTIH & SILVER PREMIUM SACHET,Tangerang Selatan,Rp1.850,5
pot cream pp gold tua 12.5gr,Jakarta Timur,Rp1.400,5
Wardah Exclusive Blush On Single,Karawang,Rp92.700,5
Emina MOIST IN A BOTTLE 50ml,Karawang,Rp50.700,5
PRIMADERMA ACNE LOOSE POWDER BDK TABUR KULIT JERAWAT BPOM,Solo,Rp43.500,4.9
YOU The Simplicity Perfect Matte Loose Powder 5gr,Karawang,Rp35.700,4.9
La Tulipe Two Function Cake New formula,Karawang,Rp52.700,4.9
RED A BLUS ON 2WARNA ORIGINAL,Karawang,Rp45.700,4.8
Make Over Perfect Cover Two Way Cake REFILL,Karawang,Rp167.700,4.9
Serum Deoonard Gold Miracle Bright,Depok,Rp59.000,4.7
Skiva Beauty Powder G55,Karawang,Rp13.580,4.9
Jual 24gr Ultima II Delicate Translucent Face Powder,Jakarta Pusat,Rp103.600,4.9
Viva Liquid Foundation 30ml,Karawang,Rp7.500,4.8
Refill Ultima II Delicate Creme Powder Make Up bedak basah,Jakarta Pusat,Rp138.100,4.9
CREAM CITRA SUPER - CREAM PEMUTIH - KRIM WAJAH SIANG DAN MALAM,Jakarta Utara,Rp4.650,4.7
SERUM OLES VIT C + E COLLAGEN / SERCOL / SERUM COL JAYMAN JAYA MANDIRI,Tangerang,Rp18.700,4.7
Viva Queen Make Up Sponge Spon Bedak Padat Kotak,Karawang,Rp11.700,4.8
Spon Bedak Lady Mate Candy - Spon Bedak Murah Terlaris,Karawang,Rp4.700,4.9
CREAM CS ORIGINAL,Jakarta Timur,Rp90.000,4.6
Make Over Multifix Matte Blusher,Karawang,Rp200.700,5
Wardah Lightening Two Way Cake Extra Cover Spf 22,Karawang,Rp82.700,4.9
BEDAK PULVUS - IMMORTAL PULVUS HYDRO ACTIVE,Solo,Rp53.000,4.9
Skiva Beauty Powder De Luxe,Karawang,Rp29.700,4.9
Red-A Liquid Foundation Translucent,Karawang,Rp14.500,4.9
EYELINER / LIPLINER PUTAR MEIXUE (HITAM),Jakarta Pusat,Rp1.400,4.8
G-OX FRESH / G OX FRESH Deodorant Herbal,Bogor,Rp19.700,4.8
KELLY BEAUTY POWDER,Karawang,Rp20.700,5
ERTOS EE Whitening Aircushion - ERTO S EE Cushion Air BPOM ORIGINAL,Jakarta Barat,Rp98.600,5
ETUDE HOUSE Drawing Eye Brow AD,Tangerang,Rp6.000,4.8
ERTOS CC Cream - ERTO S CC Cream BPOM Original - Bukan BB cream - krim CC ertos,Jakarta Barat,Rp105.300,5
Viva Queen Perfect Look Cover Up,Karawang,Rp57.000,4.9
BEDAK MARCKS ORIGINAL - BEDAK TABUR MARCKS,Surabaya,Rp12.250,4.9
Paling Murah !!! Nose up original Klip Penjepit pemancung hidung kecantikan alami wanita aksesoris perawatan wajah cantik reseller grosir eceran murah idung,Surabaya,Rp2.595,4.6
Looke Cosmetics Holy Smooth & Blur Loose Powder Freya,Tasikmalaya,Rp190.000,5
DR PURE - CREAM PAGI atau CREAM MALAM,Sidoarjo,Rp38.500,4.9
PROMO Wardah Instaperfect City Blush Blusher Click,Karawang,Rp180.700,5
ERTOS Baked Powder all in 1 - ERTO S Bedak Padat - Powder Bedak Padat Ertos BPOM Original,Jakarta Barat,Rp86.400,5
Refill Pixy 4 Beauty Benefits Twc Perfect Last,Serang,Rp23.000,4.9
VIVA FACE POWDER SACHET - BEDAK TABUR BPOM ORIGINAL,Surabaya,Rp999,5
Wardah Exclusive Flawless Cover Cushion Refill,Karawang,Rp150.700,4.9
VOV BEAUTY SPONGE / SPONS BLENDER FOUNDATION,Semarang,Rp6.900,4.3
kelly pearl cream 15gr promo asli,Jakarta Pusat,Rp8.900,4.9
Paket Lasona,Medan,Rp190.000,4.8
Alat Cukur / Shavers Kumis manual,Jakarta Pusat,Rp14.000,4.7
Madame Gie Sweet Cheek Blushed - Blush On,Jakarta Barat,Rp18.000,4.9
Setrika Wajah - Ion Face Massager Skin Care,Jakarta Pusat,Rp10.990,4.6
Pixy Make It Glow Dewy Cushion FULL CASE,Bogor,Rp108.900,4.9
Wardah EYEBROW PENCIL - Pensil Alis,Jakarta Utara,Rp33.000,4.8
La Tulipe NEW Two Function Cake 13g.,Jakarta Selatan,Rp54.000,4.9
Official Distributor - Focallure Oil Free Setting Loose Powder Bedak Focallure FA15 Bedak Tabur,Jakarta Utara,Rp29.890,4.9
Ion Face Massager Skin Care / Setrika Wajah,Jakarta Pusat,Rp10.999,4.7
THERASKIN COMPACT POWDER WHITENING,Solo,Rp29.800,5
MULTIPRO88 ERTOS BAKED POWDER ORIGINAL,Jakarta Barat,Rp85.000,4.9
SPON BEDAK BULAT,Semarang,Rp1.400,4.7
Cream Zaitun Al ghuroba Alghuroba,Solo,Rp12.000,4.6
Ultima II Delicate Creme Powder Make Up bedak basah,Jakarta Pusat,Rp177.000,5
ELEORA DIAMOND BRIGHT,Kab. Bogor,Rp170.000,4.6
Madame GIE Eyeshadow Moondust Temptation BPOM Original,Jakarta Barat,Rp32.300,5
THERASKIN PORE MINIMIZER (Serum Pengecil Pori-Pori Wajah),Jakarta Utara,Rp24.402,4.9
Garnier Light Complete White Speed Serum Cream 20ml - Cream Siang,Tangerang Selatan,Rp27.440,4.8
SERUM GOLD CV JAYA MANDIRI,Semarang,Rp16.800,4.9
Olay White Radiance Intensive Lotion 30ml,Jakarta Timur,Rp28.000,4.8
1. MASKER BIBIR GOLD (MSK1) x1,Bandung,Rp1.500,5
Bedak Marcks,Surabaya,Rp11.800,4.7
wardah nature daily seaweed balancing cleanser 150ml,Karawang,Rp42.700,5
TONER COLLAGEN - TONER COLAGEN,Surabaya,Rp10.500,4.5
Wardah Exclusive Liquid Foundation 05 Coffee Beige 20 ml,Kab. Serang,Rp91.000,4.9
Red-A Compact Powder Translucent,Karawang,Rp29.500,4.8
Klinsen Facial Exfoliating 100ml - Sabun Cuci Muka,Jakarta Pusat,Rp30.282,4.9
GARANSI/MINYAK OLES KHUSUS JERAWAT CAP WAYANG OBAT JERAWAT AMPUH MENGATASI MASALAH JERAWAT/MINYAK OLES PENGHILANG JERAWAT,Bandar Lampung,Rp18.000,4.6
THERASKIN COMPACT POWDER ACNE,Solo,Rp31.500,5
SK-II Facial Treatment Gentle Cleanser 20gr,Jakarta Utara,Rp109.000,4.9
Madame Gie Total Cover BB Cushion,Jakarta Barat,Rp75.000,4.9
paket cream collagen embos original,Jakarta Utara,Rp31.000,4.8
Pixy Aqua Beauty Protecting Mist,Bogor,Rp27.900,4.9
Wardah refil lightening twc,Jakarta Barat,Rp29.900,4.9
Alat Cukur Jenggot & Kumis / Shaver Shengfa Elegant Model Iphone,Jakarta Pusat,Rp52.400,4.8
Garnier Sakura White Whitening Serum Day Cream 7ml,Tangerang Selatan,Rp5.000,4.9
SK2/SK-II Paket Pemula mini lengkap Repair C,Jakarta Utara,Rp319.900,4.7
Revlon Natural Finish Powdery Foundation,Jakarta Pusat,Rp95.000,4.9
Make Over NUDES Eyeshadow Pallete,Karawang,Rp315.700,4.9
immortal loose powder acne,Tangerang,Rp28.800,4.8
Wardah Exclusive Two Way Cake 05 Coffee Beige 12 g,Kab. Serang,Rp98.500,4.9
cream pagi A beauty rossa,Malang,Rp119.000,4.9
VIVA QUEEN ULTRAMAT 22 g,Karawang,Rp9.000,4.8
Nose Up Pemancung Hidung,Jakarta Pusat,Rp3.000,4.8
Sariayu Loose Powder Refill Sachet 14g,Karawang,Rp17.700,5
La Tulipe Stay Smooth Liquid Foundation 20 ml.,Jakarta Selatan,Rp66.000,4.9
Wardah Exclusive Creamy Foundation 03 Sandy Beige 12 g,Kab. Serang,Rp97.000,4.9
BRUSH SET 12PCS With Leather Pouch / Kuas mac 12 set Best Seller,Kab. Tangerang,Rp41.000,4.7
Klinsen Facial Cream Oil Control 100ml - Sabun Cuci Muka,Jakarta Pusat,Rp29.302,5
Madame Gie Femme Banana Loose Powder,Jakarta Barat,Rp28.900,4.8
Celak Hashmi Kohl Aswad,Surabaya,Rp12.900,4.7
3D Shape Oval Face Belt - Penirus / Pelangsing  Pipi dan Wajah,Jakarta Barat,Rp50.000,4.4
Wardah Exclusive Creamy Foundation 02 Sheer Pink 12 g,Kab. Serang,Rp100.000,4.8
FOCALLURE LIQUID CONCEALER APLICATOR,Malang,Rp22.900,4.9
Cathy Doll AA Matte Powder Cushion Oil Control Caty Doll Dol Cathy Dol Mate Cusion Bedak Anti Aging Penuaan Dini Jerawat Minyak Pori Noda Flek,Jakarta Timur,Rp359.000,5
Immortal Sunscreen Cream White Series WX,Jakarta Utara,Rp25.000,5
LT Pro Fix Conceal,Karawang,Rp68.000,4.9
Acne Feldin,Jakarta Utara,Rp38.710,4.8
"Makeup Sponge Beauty Blend for Blending ( Liquid, Cream, and Powder )",Kab. Tangerang,Rp7.500,3.9
Make Over Liquid Foundation,Bogor,Rp129.500,4.9
Kelly Pearl Cream 5gr Kelly Compact Powder,Jakarta Utara,Rp19.200,4.8
KRIM - CREAM ROSE WHITE & NATURAL KULIT TAMPAK PUTIH ORIGINAL 30 GRAM,Jakarta Timur,Rp6.000,5
PROMO PURBASARI Pore Perfecting BB Cushion,Karawang,Rp135.700,4.9
Marcks Bedak,Jakarta Selatan,Rp15.000,4.9
Promo Konicare Bedak Biang Keringat Original Termurah,Kab. Bogor,Rp15.000,4.9
SK-II Facial Treatment Essence 30ml,Jakarta Utara,Rp275.000,4.9
Bedak Marcks Marck Cream,Jakarta Pusat,Rp13.500,5
Fanbo Fantastic Eyebrow Pensil Alis,Jakarta Barat,Rp26.500,4.8
Inez Color Contour Plus Compact Powder - Natural Glow New Case,Jakarta Selatan,Rp55.860,4.9
IMPLORA 7602 - IMPLORA EYE SHADOW & BLUSH ON - MAKE UP KIT PALETTE,Surabaya,Rp18.800,4.8
Cream Zaitun al ghuroba,Depok,Rp10.500,4.9
Wardah WHITE SECRET Intense Brightening Essence,Cirebon,Rp74.500,4.9
